"film_title","cat_name"
"AMADEUS HOLY","Action"
"AMERICAN CIRCUS","Action"
"ANTITRUST TOMATOES","Action"
"ARK RIDGEMONT","Action"
"BAREFOOT MANCHURIAN","Action"
"BERETS AGENT","Action"
"BRIDE INTRIGUE","Action"
"BULL SHAWSHANK","Action"
"CADDYSHACK JEDI","Action"
"CAMPUS REMEMBER","Action"
"CASUALTIES ENCINO","Action"
"CELEBRITY HORN","Action"
"CLUELESS BUCKET","Action"
"CROW GREASE","Action"
"DANCES NONE","Action"
"DARKO DORADO","Action"
"DARN FORRESTER","Action"
"DEVIL DESIRE","Action"
"DRAGON SQUAD","Action"
"DREAM PICKUP","Action"
"DRIFTER COMMANDMENTS","Action"
"EASY GLADIATOR","Action"
"ENTRAPMENT SATISFACTION","Action"
"EXCITEMENT EVE","Action"
"FANTASY TROOPERS","Action"
"FIREHOUSE VIETNAM","Action"
"FOOL MOCKINGBIRD","Action"
"FORREST SONS","Action"
"GLASS DYING","Action"
"GOSFORD DONNIE","Action"
"GRAIL FRANKENSTEIN","Action"
"HANDICAP BOONDOCK","Action"
"HILLS NEIGHBORS","Action"
"KISSING DOLLS","Action"
"LAWRENCE LOVE","Action"
"LORD ARIZONA","Action"
"LUST LOCK","Action"
"MAGNOLIA FORRESTER","Action"
"MIDNIGHT WESTWARD","Action"
"MINDS TRUMAN","Action"
"MOCKINGBIRD HOLLYWOOD","Action"
"MONTEZUMA COMMAND","Action"
"PARK CITIZEN","Action"
"PATRIOT ROMAN","Action"
"PRIMARY GLASS","Action"
"QUEST MUSSOLINI","Action"
"REAR TRADING","Action"
"RINGS HEARTBREAKERS","Action"
"RUGRATS SHAKESPEARE","Action"
"SHRUNK DIVINE","Action"
"SIDE ARK","Action"
"SKY MIRACLE","Action"
"SOUTH WAIT","Action"
"SPEAKEASY DATE","Action"
"STAGECOACH ARMAGEDDON","Action"
"STORY SIDE","Action"
"SUSPECTS QUILLS","Action"
"TRIP NEWTON","Action"
"TRUMAN CRAZY","Action"
"UPRISING UPTOWN","Action"
"WATERFRONT DELIVERANCE","Action"
"WEREWOLF LOLA","Action"
"WOMEN DORADO","Action"
"WORST BANGER","Action"
"ALTER VICTORY","Animation"
"ANACONDA CONFESSIONS","Animation"
"ARGONAUTS TOWN","Animation"
"BIKINI BORROWERS","Animation"
"BLACKOUT PRIVATE","Animation"
"BORROWERS BEDAZZLED","Animation"
"CANYON STOCK","Animation"
"CAROL TEXAS","Animation"
"CHAMPION FLATLINERS","Animation"
"CLASH FREDDY","Animation"
"CLUB GRAFFITI","Animation"
"CROSSROADS CASUALTIES","Animation"
"DARES PLUTO","Animation"
"DESIRE ALIEN","Animation"
"DOGMA FAMILY","Animation"
"DONNIE ALLEY","Animation"
"DOORS PRESIDENT","Animation"
"DOUBLE WRATH","Animation"
"DUCK RACER","Animation"
"EARLY HOME","Animation"
"FALCON VOLUME","Animation"
"FIGHT JAWBREAKER","Animation"
"FLOATS GARDEN","Animation"
"FLYING HOOK","Animation"
"FORRESTER COMANCHEROS","Animation"
"GANGS PRIDE","Animation"
"GHOSTBUSTERS ELF","Animation"
"HARPER DYING","Animation"
"HOOK CHARIOTS","Animation"
"HORN WORKING","Animation"
"INCH JET","Animation"
"INSECTS STONE","Animation"
"INTENTIONS EMPIRE","Animation"
"ISHTAR ROCKETEER","Animation"
"JUGGLER HARDLY","Animation"
"LAWLESS VISION","Animation"
"LUKE MUMMY","Animation"
"MASSAGE IMAGE","Animation"
"MENAGERIE RUSHMORE","Animation"
"MIRACLE VIRTUAL","Animation"
"MISSION ZOOLANDER","Animation"
"NASH CHOCOLAT","Animation"
"OSCAR GOLD","Animation"
"OZ LIAISONS","Animation"
"PACKER MADIGAN","Animation"
"POND SEATTLE","Animation"
"POTLUCK MIXED","Animation"
"POTTER CONNECTICUT","Animation"
"PRIDE ALAMO","Animation"
"PUNK DIVORCE","Animation"
"ROOM ROMAN","Animation"
"SLEEPLESS MONSOON","Animation"
"SNOWMAN ROLLERCOASTER","Animation"
"SONS INTERVIEW","Animation"
"STORM HAPPINESS","Animation"
"SUGAR WONKA","Animation"
"SUNRISE LEAGUE","Animation"
"TELEMARK HEARTBREAKERS","Animation"
"THEORY MERMAID","Animation"
"THIEF PELICAN","Animation"
"TITANIC BOONDOCK","Animation"
"TRACY CIDER","Animation"
"TURN STAR","Animation"
"WAIT CIDER","Animation"
"WATCH TRACY","Animation"
"WONKA SEA","Animation"
"BACKLASH UNDEFEATED","Children"
"BEAR GRACELAND","Children"
"BENEATH RUSH","Children"
"BETRAYED REAR","Children"
"CABIN FLASH","Children"
"CASPER DRAGONFLY","Children"
"CHRISTMAS MOONSHINE","Children"
"CIRCUS YOUTH","Children"
"CLOCKWORK PARADISE","Children"
"COMANCHEROS ENEMY","Children"
"CROOKED FROGMEN","Children"
"DAUGHTER MADIGAN","Children"
"DOCTOR GRAIL","Children"
"EMPIRE MALKOVICH","Children"
"FARGO GANDHI","Children"
"FOREVER CANDIDATE","Children"
"FULL FLATLINERS","Children"
"FURY MURDER","Children"
"GHOST GROUNDHOG","Children"
"GIANT TROOPERS","Children"
"GORGEOUS BINGO","Children"
"GRADUATE LORD","Children"
"HALL CASSIDY","Children"
"HEARTBREAKERS BRIGHT","Children"
"HOLLYWOOD ANONYMOUS","Children"
"HOLOCAUST HIGHBALL","Children"
"IDOLS SNATCHERS","Children"
"INVASION CYCLONE","Children"
"JERSEY SASSY","Children"
"JUMPING WRATH","Children"
"LABYRINTH LEAGUE","Children"
"LANGUAGE COWBOY","Children"
"LEGALLY SECRETARY","Children"
"MAGIC MALLRATS","Children"
"MAKER GABLES","Children"
"MICROCOSMOS PARADISE","Children"
"MODEL FISH","Children"
"MURDER ANTITRUST","Children"
"NOON PAPI","Children"
"POLISH BROOKLYN","Children"
"ROBBERS JOON","Children"
"SABRINA MIDNIGHT","Children"
"SANTA PARIS","Children"
"SCARFACE BANG","Children"
"SHEPHERD MIDSUMMER","Children"
"SISTER FREDDY","Children"
"SPLENDOR PATTON","Children"
"STRANGELOVE DESIRE","Children"
"STRANGER STRANGERS","Children"
"SUNDANCE INVASION","Children"
"SWEETHEARTS SUSPECTS","Children"
"TEQUILA PAST","Children"
"TIES HUNGER","Children"
"TOOTSIE PILOT","Children"
"TWISTED PIRATES","Children"
"UPTOWN YOUNG","Children"
"WALLS ARTIST","Children"
"WARLOCK WEREWOLF","Children"
"WRONG BEHAVIOR","Children"
"ZOOLANDER FICTION","Children"
"ALICE FANTASIA","Classics"
"ARIZONA BANG","Classics"
"BEAST HUNCHBACK","Classics"
"BOUND CHEAPER","Classics"
"CANDIDATE PERDITION","Classics"
"CENTER DINOSAUR","Classics"
"COLOR PHILADELPHIA","Classics"
"CONSPIRACY SPIRIT","Classics"
"CORE SUIT","Classics"
"CREEPERS KANE","Classics"
"CRUELTY UNFORGIVEN","Classics"
"DETECTIVE VISION","Classics"
"DRACULA CRYSTAL","Classics"
"DYNAMITE TARZAN","Classics"
"EXTRAORDINARY CONQUERER","Classics"
"FROST HEAD","Classics"
"GALAXY SWEETHEARTS","Classics"
"GILBERT PELICAN","Classics"
"GILMORE BOILED","Classics"
"HOLY TADPOLE","Classics"
"HOPE TOOTSIE","Classics"
"HYDE DOCTOR","Classics"
"IRON MOON","Classics"
"ISLAND EXORCIST","Classics"
"JEEPERS WEDDING","Classics"
"JEOPARDY ENCINO","Classics"
"JERK PAYCHECK","Classics"
"JINGLE SAGEBRUSH","Classics"
"LEAGUE HELLFIGHTERS","Classics"
"LIGHTS DEER","Classics"
"LOATHING LEGALLY","Classics"
"LOVELY JINGLE","Classics"
"LOVER TRUMAN","Classics"
"MAGNIFICENT CHITTY","Classics"
"MALKOVICH PET","Classics"
"MILLION ACE","Classics"
"MUSKETEERS WAIT","Classics"
"OCTOBER SUBMARINE","Classics"
"PAJAMA JAWBREAKER","Classics"
"PATIENT SISTER","Classics"
"PREJUDICE OLEANDER","Classics"
"REQUIEM TYCOON","Classics"
"RIGHT CRANES","Classics"
"ROOTS REMEMBER","Classics"
"SLING LUKE","Classics"
"SNATCHERS MONTEZUMA","Classics"
"SPIKING ELEMENT","Classics"
"STEEL SANTA","Classics"
"SUMMER SCARFACE","Classics"
"TADPOLE PARK","Classics"
"TIMBERLAND SKY","Classics"
"TOMORROW HUSTLER","Classics"
"TOWERS HURRICANE","Classics"
"VOLUME HOUSE","Classics"
"VOYAGE LEGALLY","Classics"
"WASTELAND DIVINE","Classics"
"WESTWARD SEABISCUIT","Classics"
"AIRPLANE SIERRA","Comedy"
"ANTHEM LUKE","Comedy"
"BRINGING HYSTERICAL","Comedy"
"CAPER MOTIONS","Comedy"
"CAT CONEHEADS","Comedy"
"CLOSER BANG","Comedy"
"CONNECTION MICROCOSMOS","Comedy"
"CONTROL ANTHEM","Comedy"
"CRAZY HOME","Comedy"
"DADDY PITTSBURGH","Comedy"
"DOOM DANCING","Comedy"
"DOWNHILL ENOUGH","Comedy"
"DYING MAKER","Comedy"
"ELEMENT FREDDY","Comedy"
"FERRIS MOTHER","Comedy"
"FIREBALL PHILADELPHIA","Comedy"
"FLINTSTONES HAPPINESS","Comedy"
"FRANKENSTEIN STRANGER","Comedy"
"FREEDOM CLEOPATRA","Comedy"
"GOLD RIVER","Comedy"
"GROUNDHOG UNCUT","Comedy"
"GUNFIGHT MOON","Comedy"
"HATE HANDICAP","Comedy"
"HEAVEN FREEDOM","Comedy"
"HEDWIG ALTER","Comedy"
"HURRICANE AFFAIR","Comedy"
"HUSTLER PARTY","Comedy"
"JAWS HARRY","Comedy"
"KNOCK WARLOCK","Comedy"
"LIFE TWISTED","Comedy"
"LION UNCUT","Comedy"
"LONELY ELEPHANT","Comedy"
"MALLRATS UNITED","Comedy"
"MEMENTO ZOOLANDER","Comedy"
"MULAN MOON","Comedy"
"MYSTIC TRUMAN","Comedy"
"OPERATION OPERATION","Comedy"
"PARADISE SABRINA","Comedy"
"PARTY KNOCK","Comedy"
"PERFECT GROOVE","Comedy"
"PINOCCHIO SIMON","Comedy"
"PURE RUNNER","Comedy"
"RUSHMORE MERMAID","Comedy"
"SADDLE ANTITRUST","Comedy"
"SATURN NAME","Comedy"
"SEARCHERS WAIT","Comedy"
"SNATCH SLIPPER","Comedy"
"STAGE WORLD","Comedy"
"STRICTLY SCARFACE","Comedy"
"SUBMARINE BED","Comedy"
"SWEDEN SHINING","Comedy"
"TRAINSPOTTING STRANGERS","Comedy"
"TRAMP OTHERS","Comedy"
"VALLEY PACKER","Comedy"
"VELVET TERMINATOR","Comedy"
"VERTIGO NORTHWEST","Comedy"
"WISDOM WORKER","Comedy"
"ZORRO ARK","Comedy"
"ACADEMY DINOSAUR","Documentary"
"ADAPTATION HOLES","Documentary"
"ARMY FLINTSTONES","Documentary"
"BEACH HEARTBREAKERS","Documentary"
"BED HIGHBALL","Documentary"
"BILL OTHERS","Documentary"
"BONNIE HOLOCAUST","Documentary"
"BROTHERHOOD BLANKET","Documentary"
"CAUSE DATE","Documentary"
"CHICKEN HELLFIGHTERS","Documentary"
"CIDER DESIRE","Documentary"
"CLERKS ANGELS","Documentary"
"COAST RAINBOW","Documentary"
"CUPBOARD SINNERS","Documentary"
"DANCING FEVER","Documentary"
"DEEP CRUSADE","Documentary"
"DELIVERANCE MULHOLLAND","Documentary"
"DOZEN LION","Documentary"
"DUFFEL APOCALYPSE","Documentary"
"EGG IGBY","Documentary"
"EXPENDABLE STALLION","Documentary"
"FRENCH HOLIDAY","Documentary"
"HALLOWEEN NUTS","Documentary"
"HARDLY ROBBERS","Documentary"
"HAWK CHILL","Documentary"
"HEAVYWEIGHTS BEAST","Documentary"
"HOMEWARD CIDER","Documentary"
"HUNTER ALTER","Documentary"
"INDEPENDENCE HOTEL","Documentary"
"INTOLERABLE INTENTIONS","Documentary"
"KILL BROTHERHOOD","Documentary"
"MADISON TRAP","Documentary"
"MAJESTIC FLOATS","Documentary"
"METAL ARMAGEDDON","Documentary"
"MIDSUMMER GROUNDHOG","Documentary"
"MIGHTY LUCK","Documentary"
"MOD SECRETARY","Documentary"
"MODERN DORADO","Documentary"
"NATIONAL STORY","Documentary"
"NEWSIES STORY","Documentary"
"NORTH TEQUILA","Documentary"
"NOTORIOUS REUNION","Documentary"
"PACIFIC AMISTAD","Documentary"
"PELICAN COMFORTS","Documentary"
"POCUS PULP","Documentary"
"PRINCESS GIANT","Documentary"
"QUILLS BULL","Documentary"
"RAIDERS ANTITRUST","Documentary"
"RAINBOW SHOCK","Documentary"
"ROAD ROXANNE","Documentary"
"SAGEBRUSH CLUELESS","Documentary"
"SECRET GROUNDHOG","Documentary"
"SHIP WONDERLAND","Documentary"
"SHOW LORD","Documentary"
"SMOKING BARBARELLA","Documentary"
"SPOILERS HELLFIGHTERS","Documentary"
"STREAK RIDGEMONT","Documentary"
"THIN SAGEBRUSH","Documentary"
"UNITED PILOT","Documentary"
"UNTOUCHABLES SUNRISE","Documentary"
"VILLAIN DESPERATE","Documentary"
"VIRGINIAN PLUTO","Documentary"
"WAGON JAWS","Documentary"
"WARS PLUTO","Documentary"
"WEDDING APOLLO","Documentary"
"WIFE TURN","Documentary"
"WRATH MILE","Documentary"
"YOUNG LANGUAGE","Documentary"
"APOLLO TEEN","Drama"
"BEAUTY GREASE","Drama"
"BEETHOVEN EXORCIST","Drama"
"BLADE POLISH","Drama"
"BRIGHT ENCOUNTERS","Drama"
"BUNCH MINDS","Drama"
"CHILL LUCK","Drama"
"CHITTY LOCK","Drama"
"CONEHEADS SMOOCHY","Drama"
"CONFESSIONS MAGUIRE","Drama"
"CONQUERER NUTS","Drama"
"CRAFT OUTFIELD","Drama"
"DALMATIONS SWEDEN","Drama"
"DARKNESS WAR","Drama"
"DECEIVER BETRAYED","Drama"
"DESTINATION JERK","Drama"
"DIARY PANIC","Drama"
"EDGE KISSING","Drama"
"ENCOUNTERS CURTAIN","Drama"
"GOLDFINGER SENSIBILITY","Drama"
"GONE TROUBLE","Drama"
"GREEDY ROOTS","Drama"
"HANGING DEEP","Drama"
"HAROLD FRENCH","Drama"
"HARRY IDAHO","Drama"
"HOBBIT ALIEN","Drama"
"HUNCHBACK IMPOSSIBLE","Drama"
"JACKET FRISCO","Drama"
"KWAI HOMEWARD","Drama"
"LEBOWSKI SOLDIERS","Drama"
"LIES TREATMENT","Drama"
"LUCK OPUS","Drama"
"MOB DUFFEL","Drama"
"NECKLACE OUTBREAK","Drama"
"NOTTING SPEAKEASY","Drama"
"ORIENT CLOSER","Drama"
"PATHS CONTROL","Drama"
"PAYCHECK WAIT","Drama"
"PITY BOUND","Drama"
"QUEEN LUKE","Drama"
"RACER EGG","Drama"
"REUNION WITCHES","Drama"
"ROCKY WAR","Drama"
"SAINTS BRIDE","Drama"
"SAVANNAH TOWN","Drama"
"SCORPION APOLLO","Drama"
"SEA VIRGIN","Drama"
"SEATTLE EXPECATIONS","Drama"
"SHOOTIST SUPERFLY","Drama"
"SLACKER LIAISONS","Drama"
"SOMETHING DUCK","Drama"
"SPICE SORORITY","Drama"
"TENENBAUMS COMMAND","Drama"
"TORQUE BOUND","Drama"
"TRANSLATION SUMMER","Drama"
"TREATMENT JEKYLL","Drama"
"UNFAITHFUL KILL","Drama"
"VIETNAM SMOOCHY","Drama"
"VIRGIN DAISY","Drama"
"WARDROBE PHANTOM","Drama"
"WEST LION","Drama"
"WITCHES PANIC","Drama"
"AFRICAN EGG","Family"
"APACHE DIVINE","Family"
"ATLANTIS CAUSE","Family"
"BAKED CLEOPATRA","Family"
"BANG KWAI","Family"
"BEDAZZLED MARRIED","Family"
"BILKO ANONYMOUS","Family"
"BLANKET BEVERLY","Family"
"BLOOD ARGONAUTS","Family"
"BLUES INSTINCT","Family"
"BRAVEHEART HUMAN","Family"
"CHASING FIGHT","Family"
"CHISUM BEHAVIOR","Family"
"CHOCOLAT HARRY","Family"
"CONFUSED CANDLES","Family"
"CONVERSATION DOWNHILL","Family"
"DATE SPEED","Family"
"DINOSAUR SECRETARY","Family"
"DUMBO LUST","Family"
"EARRING INSTINCT","Family"
"EFFECT GLADIATOR","Family"
"FEUD FROGMEN","Family"
"FINDING ANACONDA","Family"
"GABLES METROPOLIS","Family"
"GANDHI KWAI","Family"
"GLADIATOR WESTWARD","Family"
"GREASE YOUTH","Family"
"HALF OUTFIELD","Family"
"HOCUS FRIDA","Family"
"HOMICIDE PEACH","Family"
"HOUSE DYNAMITE","Family"
"HUNTING MUSKETEERS","Family"
"INDIAN LOVE","Family"
"JASON TRAP","Family"
"JEDI BENEATH","Family"
"KILLER INNOCENT","Family"
"KING EVOLUTION","Family"
"LOLITA WORLD","Family"
"LOUISIANA HARRY","Family"
"MAGUIRE APACHE","Family"
"MANCHURIAN CURTAIN","Family"
"MOVIE SHAKESPEARE","Family"
"MUSIC BOONDOCK","Family"
"NATURAL STOCK","Family"
"NETWORK PEAK","Family"
"ODDS BOOGIE","Family"
"OPPOSITE NECKLACE","Family"
"PILOT HOOSIERS","Family"
"PITTSBURGH HUNCHBACK","Family"
"PRESIDENT BANG","Family"
"PRIX UNDEFEATED","Family"
"RAGE GAMES","Family"
"RANGE MOONWALKER","Family"
"REMEMBER DIARY","Family"
"RESURRECTION SILVERADO","Family"
"ROBBERY BRIGHT","Family"
"RUSH GOODFELLAS","Family"
"SECRETS PARADISE","Family"
"SENSIBILITY REAR","Family"
"SIEGE MADRE","Family"
"SLUMS DUCK","Family"
"SOUP WISDOM","Family"
"SPARTACUS CHEAPER","Family"
"SPINAL ROCKY","Family"
"SPLASH GUMP","Family"
"SUNSET RACER","Family"
"SUPER WYOMING","Family"
"VIRTUAL SPOILERS","Family"
"WILLOW TRACY","Family"
"AGENT TRUMAN","Foreign"
"ALAMO VIDEOTAPE","Foreign"
"ALIEN CENTER","Foreign"
"ALLEY EVOLUTION","Foreign"
"BABY HALL","Foreign"
"BALLROOM MOCKINGBIRD","Foreign"
"BROOKLYN DESERT","Foreign"
"BUGSY SONG","Foreign"
"CALENDAR GUNFIGHT","Foreign"
"CATCH AMISTAD","Foreign"
"CHOCOLATE DUCK","Foreign"
"COMMAND DARLING","Foreign"
"COWBOY DOOM","Foreign"
"CROSSING DIVORCE","Foreign"
"CRYSTAL BREAKING","Foreign"
"CYCLONE FAMILY","Foreign"
"DANGEROUS UPTOWN","Foreign"
"DOUBTFIRE LABYRINTH","Foreign"
"EVERYONE CRAFT","Foreign"
"FICTION CHRISTMAS","Foreign"
"FRIDA SLIPPER","Foreign"
"GENTLEMEN STAGE","Foreign"
"GRAPES FURY","Foreign"
"GREEK EVERYONE","Foreign"
"HAPPINESS UNITED","Foreign"
"HELLFIGHTERS SIERRA","Foreign"
"HIGHBALL POTTER","Foreign"
"HOLIDAY GAMES","Foreign"
"HOOSIERS BIRDCAGE","Foreign"
"HOTEL HAPPINESS","Foreign"
"HUNGER ROOF","Foreign"
"ILLUSION AMELIE","Foreign"
"IMPOSSIBLE PREJUDICE","Foreign"
"INFORMER DOUBLE","Foreign"
"INNOCENT USUAL","Foreign"
"INTRIGUE WORST","Foreign"
"JET NEIGHBORS","Foreign"
"KANE EXORCIST","Foreign"
"KISS GLORY","Foreign"
"LOSE INCH","Foreign"
"LOST BIRD","Foreign"
"MADNESS ATTACKS","Foreign"
"MATRIX SNOWMAN","Foreign"
"MAUDE MOD","Foreign"
"MEET CHOCOLATE","Foreign"
"MIXED DOORS","Foreign"
"MOON BUNCH","Foreign"
"MULHOLLAND BEAST","Foreign"
"MUPPET MILE","Foreign"
"NEWTON LABYRINTH","Foreign"
"OPUS ICE","Foreign"
"ORANGE GRAPES","Foreign"
"PAST SUICIDES","Foreign"
"PEARL DESTINY","Foreign"
"PET HAUNTING","Foreign"
"POLLOCK DELIVERANCE","Foreign"
"PURPLE MOVIE","Foreign"
"RESERVOIR ADAPTATION","Foreign"
"ROCKETEER MOTHER","Foreign"
"SCHOOL JACKET","Foreign"
"SCISSORHANDS SLUMS","Foreign"
"SHOCK CABIN","Foreign"
"SHREK LICENSE","Foreign"
"SORORITY QUEEN","Foreign"
"STEPMOM DREAM","Foreign"
"TOWN ARK","Foreign"
"TRAP GUYS","Foreign"
"USUAL UNTOUCHABLES","Foreign"
"VISION TORQUE","Foreign"
"WAR NOTTING","Foreign"
"WASH HEAVENLY","Foreign"
"WHALE BIKINI","Foreign"
"WONDERFUL DROP","Foreign"
"AUTUMN CROW","Games"
"BULWORTH COMMANDMENTS","Games"
"CANDLES GRAPES","Games"
"CHICAGO NORTH","Games"
"CREATURES SHAKESPEARE","Games"
"CURTAIN VIDEOTAPE","Games"
"DARLING BREAKING","Games"
"DAWN POND","Games"
"DAZED PUNK","Games"
"DETAILS PACKER","Games"
"DIRTY ACE","Games"
"DIVINE RESURRECTION","Games"
"DWARFS ALTER","Games"
"ENCINO ELF","Games"
"FANTASIA PARK","Games"
"FEATHERS METAL","Games"
"FEVER EMPIRE","Games"
"FIRE WOLVES","Games"
"FORWARD TEMPLE","Games"
"GATHERING CALENDAR","Games"
"GLORY TRACY","Games"
"GRINCH MASSAGE","Games"
"GRIT CLOCKWORK","Games"
"GUN BONNIE","Games"
"HAUNTING PIANIST","Games"
"HEAD STRANGER","Games"
"HUMAN GRAFFITI","Games"
"ICE CROSSING","Games"
"JERICHO MULAN","Games"
"LADYBUGS ARMAGEDDON","Games"
"LAMBS CINCINATTI","Games"
"MADRE GABLES","Games"
"MALTESE HOPE","Games"
"MARS ROMAN","Games"
"MASSACRE USUAL","Games"
"MONSOON CAUSE","Games"
"MOONSHINE CABIN","Games"
"MOONWALKER FOOL","Games"
"NAME DETECTIVE","Games"
"NIGHTMARE CHILL","Games"
"OUTBREAK DIVINE","Games"
"PANKY SUBMARINE","Games"
"PIZZA JUMANJI","Games"
"PRIVATE DROP","Games"
"PSYCHO SHRUNK","Games"
"ROOF CHAMPION","Games"
"ROUGE SQUAD","Games"
"ROXANNE REBEL","Games"
"SASSY PACKER","Games"
"SEVEN SWARM","Games"
"SLEUTH ORIENT","Games"
"SPY MILE","Games"
"STAMPEDE DISTURBING","Games"
"STATE WASTELAND","Games"
"SUIT WALLS","Games"
"TYCOON GATHERING","Games"
"VANILLA DAY","Games"
"VIDEOTAPE ARSENIC","Games"
"VOLCANO TEXAS","Games"
"WANDA CHAMBER","Games"
"WIND PHANTOM","Games"
"ACE GOLDFINGER","Horror"
"AFFAIR PREJUDICE","Horror"
"AIRPORT POLLOCK","Horror"
"ALABAMA DEVIL","Horror"
"ALI FOREVER","Horror"
"ANALYZE HOOSIERS","Horror"
"ANYTHING SAVANNAH","Horror"
"ARABIA DOGMA","Horror"
"ARACHNOPHOBIA ROLLERCOASTER","Horror"
"BEHAVIOR RUNAWAY","Horror"
"BOWFINGER GABLES","Horror"
"CARRIE BUNCH","Horror"
"COMMANDMENTS EXPRESS","Horror"
"DESERT POSEIDON","Horror"
"DRUMS DYNAMITE","Horror"
"EGYPT TENENBAUMS","Horror"
"ELEPHANT TROJAN","Horror"
"FAMILY SWEET","Horror"
"FIDELITY DEVIL","Horror"
"FREDDY STORM","Horror"
"GASLIGHT CRUSADE","Horror"
"HIGH ENCINO","Horror"
"JAPANESE RUN","Horror"
"KARATE MOON","Horror"
"KENTUCKIAN GIANT","Horror"
"LADY STAGE","Horror"
"LOLA AGENT","Horror"
"LOVE SUICIDES","Horror"
"MONTEREY LABYRINTH","Horror"
"MOTIONS DETAILS","Horror"
"PANIC CLUB","Horror"
"PARIS WEEKEND","Horror"
"PATTON INTERVIEW","Horror"
"PULP BEVERLY","Horror"
"REAP UNFAITHFUL","Horror"
"REEF SALUTE","Horror"
"ROCK INSTINCT","Horror"
"ROLLERCOASTER BRINGING","Horror"
"RULES HUMAN","Horror"
"SIMON NORTH","Horror"
"SINNERS ATLANTIS","Horror"
"SLEEPING SUSPECTS","Horror"
"SPIRIT FLINTSTONES","Horror"
"STRANGERS GRAFFITI","Horror"
"STREETCAR INTENTIONS","Horror"
"SWARM GOLD","Horror"
"TARZAN VIDEOTAPE","Horror"
"TEMPLE ATTRACTION","Horror"
"TEXAS WATCH","Horror"
"TRAIN BUNCH","Horror"
"TREASURE COMMAND","Horror"
"UNDEFEATED DALMATIONS","Horror"
"WATERSHIP FRONTIER","Horror"
"WORLD LEATHERNECKS","Horror"
"YENTL IDAHO","Horror"
"ZHIVAGO CORE","Horror"
"ALASKA PHANTOM","Music"
"ALONE TRIP","Music"
"AMELIE HELLFIGHTERS","Music"
"BALLOON HOMEWARD","Music"
"BANGER PINOCCHIO","Music"
"BIRCH ANTITRUST","Music"
"BIRDCAGE CASPER","Music"
"BOOGIE AMELIE","Music"
"CHAMBER ITALIAN","Music"
"CLONES PINOCCHIO","Music"
"CLUE GRAIL","Music"
"CONFIDENTIAL INTERVIEW","Music"
"DEER VIRGINIAN","Music"
"DORADO NOTTING","Music"
"DRIVING POLISH","Music"
"ELF MURDER","Music"
"ENEMY ODDS","Music"
"FREAKY POCUS","Music"
"GO PURPLE","Music"
"GREATEST NORTH","Music"
"GROSSE WONDERFUL","Music"
"HANOVER GALAXY","Music"
"HEAVENLY GUN","Music"
"HOME PITY","Music"
"IMPACT ALADDIN","Music"
"INSIDER ARIZONA","Music"
"JAWBREAKER BROOKLYN","Music"
"LEGEND JEDI","Music"
"LUCKY FLYING","Music"
"MASKED BUBBLE","Music"
"MINORITY KISS","Music"
"MONSTER SPARTACUS","Music"
"OLEANDER CLUE","Music"
"OUTFIELD MASSACRE","Music"
"PERSONAL LADYBUGS","Music"
"REBEL AIRPORT","Music"
"REDS POCUS","Music"
"ROMAN PUNK","Music"
"RUNNER MADIGAN","Music"
"SCALAWAG DUCK","Music"
"SILENCE KANE","Music"
"SONG HEDWIG","Music"
"TAXI KICK","Music"
"TELEGRAPH VOYAGE","Music"
"TERMINATOR CLUB","Music"
"UNCUT SUICIDES","Music"
"VANISHING ROCKY","Music"
"WIZARD COLDBLOODED","Music"
"WON DARES","Music"
"WORDS HUNTER","Music"
"YOUTH KICK","Music"
"AMISTAD MIDSUMMER","New"
"ANGELS LIFE","New"
"APOCALYPSE FLAMINGOS","New"
"ATTRACTION NEWTON","New"
"BIRDS PERDITION","New"
"BOULEVARD MOB","New"
"BRANNIGAN SUNRISE","New"
"BREAKFAST GOLDFINGER","New"
"BREAKING HOME","New"
"BUTCH PANTHER","New"
"BUTTERFLY CHOCOLAT","New"
"CHAPLIN LICENSE","New"
"CHINATOWN GLADIATOR","New"
"CLEOPATRA DEVIL","New"
"CLYDE THEORY","New"
"DAY UNFAITHFUL","New"
"DESTINY SATURDAY","New"
"DRAGONFLY STRANGERS","New"
"EAGLES PANKY","New"
"EARTH VISION","New"
"ENDING CROWDS","New"
"EVE RESURRECTION","New"
"FATAL HAUNTED","New"
"FLAMINGOS CONNECTICUT","New"
"FLASH WARS","New"
"FRONTIER CABIN","New"
"GODFATHER DIARY","New"
"HOURS RAGE","New"
"IDAHO LOVE","New"
"INTERVIEW LIAISONS","New"
"JEKYLL FROGMEN","New"
"JUMANJI BLADE","New"
"JUNGLE CLOSER","New"
"LOVERBOY ATTACKS","New"
"MAIDEN HOME","New"
"MANNEQUIN WORST","New"
"MASK PEACH","New"
"MINE TITANS","New"
"MONEY HAROLD","New"
"NUTS TIES","New"
"OKLAHOMA JUMANJI","New"
"PHANTOM GLORY","New"
"PIANIST OUTFIELD","New"
"PLATOON INSTINCT","New"
"PLUTO OLEANDER","New"
"REDEMPTION COMFORTS","New"
"RIDGEMONT SUBMARINE","New"
"RUN PACIFIC","New"
"RUNAWAY TENENBAUMS","New"
"SALUTE APOLLO","New"
"SAMURAI LION","New"
"SLEEPY JAPANESE","New"
"STING PERSONAL","New"
"STOCK GLASS","New"
"TROOPERS METAL","New"
"UNBREAKABLE KARATE","New"
"VAMPIRE WHALE","New"
"VANISHED GARDEN","New"
"VARSITY TRIP","New"
"VOICE PEACH","New"
"WAKE JAWS","New"
"WILD APOLLO","New"
"WYOMING STORM","New"
"ANNIE IDENTITY","Sci-Fi"
"ARMAGEDDON LOST","Sci-Fi"
"ATTACKS HATE","Sci-Fi"
"BADMAN DAWN","Sci-Fi"
"BARBARELLA STREETCAR","Sci-Fi"
"BEVERLY OUTLAW","Sci-Fi"
"BINGO TALENTED","Sci-Fi"
"BLINDNESS GUN","Sci-Fi"
"CAMELOT VACATION","Sci-Fi"
"CHAINSAW UPTOWN","Sci-Fi"
"CHARADE DUFFEL","Sci-Fi"
"CHARIOTS CONSPIRACY","Sci-Fi"
"CHEAPER CLYDE","Sci-Fi"
"CINCINATTI WHISPERER","Sci-Fi"
"CITIZEN SHREK","Sci-Fi"
"COLDBLOODED DARLING","Sci-Fi"
"CONNECTICUT TRAMP","Sci-Fi"
"CROWDS TELEMARK","Sci-Fi"
"DAISY MENAGERIE","Sci-Fi"
"DISTURBING SCARFACE","Sci-Fi"
"DIVIDE MONSTER","Sci-Fi"
"DOLLS RAGE","Sci-Fi"
"ENGLISH BULWORTH","Sci-Fi"
"EXPRESS LONELY","Sci-Fi"
"EYES DRIVING","Sci-Fi"
"FIDDLER LOST","Sci-Fi"
"FISH OPUS","Sci-Fi"
"FRISCO FORREST","Sci-Fi"
"GARDEN ISLAND","Sci-Fi"
"GOLDMINE TYCOON","Sci-Fi"
"GOODFELLAS SALUTE","Sci-Fi"
"GRAFFITI LOVE","Sci-Fi"
"GUYS FALCON","Sci-Fi"
"HAMLET WISDOM","Sci-Fi"
"HANKY OCTOBER","Sci-Fi"
"HOLLOW JEOPARDY","Sci-Fi"
"IDENTITY LOVER","Sci-Fi"
"LICENSE WEEKEND","Sci-Fi"
"MARRIED GO","Sci-Fi"
"METROPOLIS COMA","Sci-Fi"
"MOURNING PURPLE","Sci-Fi"
"NEMO CAMPUS","Sci-Fi"
"NONE SPIKING","Sci-Fi"
"OPEN AFRICAN","Sci-Fi"
"PANTHER REDS","Sci-Fi"
"RAGING AIRPLANE","Sci-Fi"
"RANDOM GO","Sci-Fi"
"REIGN GENTLEMEN","Sci-Fi"
"SILVERADO GOLDFINGER","Sci-Fi"
"SOLDIERS EVOLUTION","Sci-Fi"
"SPIRITED CASUALTIES","Sci-Fi"
"STALLION SUNDANCE","Sci-Fi"
"SUICIDES SILENCE","Sci-Fi"
"SUN CONFESSIONS","Sci-Fi"
"TITANS JERK","Sci-Fi"
"TROJAN TOMORROW","Sci-Fi"
"UNFORGIVEN ZOOLANDER","Sci-Fi"
"VACATION BOONDOCK","Sci-Fi"
"WEEKEND PERSONAL","Sci-Fi"
"WHISPERER GIANT","Sci-Fi"
"WONDERLAND CHRISTMAS","Sci-Fi"
"ALADDIN CALENDAR","Sports"
"ANONYMOUS HUMAN","Sports"
"ARTIST COLDBLOODED","Sports"
"BUBBLE GROSSE","Sports"
"CALIFORNIA BIRDS","Sports"
"CARIBBEAN LIBERTY","Sports"
"CHANCE RESURRECTION","Sports"
"CONGENIALITY QUEST","Sports"
"CRANES RESERVOIR","Sports"
"CRUSADE HONEY","Sports"
"DIVORCE SHINING","Sports"
"DRIVER ANNIE","Sports"
"DROP WATERFRONT","Sports"
"DUDE BLINDNESS","Sports"
"DURHAM PANKY","Sports"
"ELIZABETH SHANE","Sports"
"EVOLUTION ALTER","Sports"
"EXORCIST STING","Sports"
"FLATLINERS KILLER","Sports"
"FLIGHT LIES","Sports"
"GLEAMING JAWBREAKER","Sports"
"GRACELAND DYNAMITE","Sports"
"GROOVE FICTION","Sports"
"GUNFIGHTER MUSSOLINI","Sports"
"HOLES BRANNIGAN","Sports"
"HONEY TIES","Sports"
"HYSTERICAL GRAIL","Sports"
"IMAGE PRINCESS","Sports"
"INSTINCT AIRPORT","Sports"
"JADE BUNCH","Sports"
"JOON NORTHWEST","Sports"
"KRAMER CHOCOLATE","Sports"
"LESSON CLEOPATRA","Sports"
"LIBERTY MAGNIFICENT","Sports"
"LOSER HUSTLER","Sports"
"MERMAID INSECTS","Sports"
"MILE MULAN","Sports"
"MOSQUITO ARMAGEDDON","Sports"
"MOTHER OLEANDER","Sports"
"MUMMY CREATURES","Sports"
"MUSSOLINI SPOILERS","Sports"
"NEIGHBORS CHARADE","Sports"
"NORTHWEST POLISH","Sports"
"NOVOCAINE FLIGHT","Sports"
"PEACH INNOCENT","Sports"
"PEAK FOREVER","Sports"
"PERDITION FARGO","Sports"
"PHILADELPHIA WIFE","Sports"
"PICKUP DRIVING","Sports"
"PIRATES ROXANNE","Sports"
"POSEIDON FOREVER","Sports"
"RECORDS ZORRO","Sports"
"RIDER CADDYSHACK","Sports"
"RIVER OUTLAW","Sports"
"ROSES TREASURE","Sports"
"SATISFACTION CONFIDENTIAL","Sports"
"SATURDAY LAMBS","Sports"
"SEABISCUIT PUNK","Sports"
"SECRETARY ROUGE","Sports"
"SENSE GREEK","Sports"
"SHAKESPEARE SADDLE","Sports"
"SIERRA DIVIDE","Sports"
"SLIPPER FIDELITY","Sports"
"SMOOCHY CONTROL","Sports"
"SQUAD FISH","Sports"
"STAR OPERATION","Sports"
"STEERS ARMAGEDDON","Sports"
"STRAIGHT HOURS","Sports"
"TALENTED HOMICIDE","Sports"
"TIGHTS DAWN","Sports"
"TOURIST PELICAN","Sports"
"TRADING PINOCCHIO","Sports"
"TUXEDO MILE","Sports"
"VICTORY ACADEMY","Sports"
"ARSENIC INDEPENDENCE","Travel"
"BASIC EASY","Travel"
"BIRD INDEPENDENCE","Travel"
"BOILED DARES","Travel"
"BOONDOCK BALLROOM","Travel"
"BORN SPINAL","Travel"
"BUCKET BROTHERHOOD","Travel"
"CASABLANCA SUPER","Travel"
"CASSIDY WYOMING","Travel"
"COMA HEAD","Travel"
"COMFORTS RUSH","Travel"
"CONTACT ANONYMOUS","Travel"
"DESPERATE TRAINSPOTTING","Travel"
"DISCIPLE MOTHER","Travel"
"DRUMLINE CYCLONE","Travel"
"ENOUGH RAGING","Travel"
"ESCAPE METROPOLIS","Travel"
"EXPECATIONS NATURAL","Travel"
"FACTORY DRAGON","Travel"
"FELLOWSHIP AUTUMN","Travel"
"FROGMEN BREAKING","Travel"
"FUGITIVE MAGUIRE","Travel"
"GAMES BOWFINGER","Travel"
"GUMP DATE","Travel"
"HAUNTED ANTITRUST","Travel"
"HORROR REIGN","Travel"
"IGBY MAKER","Travel"
"ITALIAN AFRICAN","Travel"
"KICK SAVANNAH","Travel"
"LEATHERNECKS DWARFS","Travel"
"LIAISONS SWEET","Travel"
"LOCK REAR","Travel"
"MADIGAN DORADO","Travel"
"MOULIN WAKE","Travel"
"MUSCLE BRIGHT","Travel"
"ORDER BETRAYED","Travel"
"OTHERS SOUP","Travel"
"OUTLAW HANKY","Travel"
"PAPI NECKLACE","Travel"
"SHANE DARKNESS","Travel"
"SHANGHAI TYCOON","Travel"
"SHAWSHANK BUBBLE","Travel"
"SHINING ROSES","Travel"
"SMILE EARRING","Travel"
"SPEED SUIT","Travel"
"STONE FIRE","Travel"
"SUPERFLY TRIP","Travel"
"SWEET BROTHERHOOD","Travel"
"TEEN APOLLO","Travel"
"TOMATOES HELLFIGHTERS","Travel"
"TRAFFIC HOBBIT","Travel"
"TROUBLE DATE","Travel"
"VALENTINE VANISHING","Travel"
"WINDOW SIDE","Travel"
"WOLVES DESIRE","Travel"
"WORKER TARZAN","Travel"
"WORKING MICROCOSMOS","Travel"
