"cat_name","num_films_in_cat"
"Action","64"
"Animation","66"
"Children","60"
"Classics","57"
"Comedy","58"
"Documentary","68"
"Drama","62"
"Family","69"
"Foreign","73"
"Games","61"
"Horror","56"
"Music","51"
"New","63"
"Sci-Fi","61"
"Sports","74"
"Travel","57"
